Workbook

Sheet Presence
B1: PTO
B2: Travelling > mention the location | H2: 2024 | I2: 2024 | J2: 2024 | K2: 2024 | L2: 2024 | M2: 2024 | N2: 2024 | O2: 2024 | P2: 2024 | Q2: 2024 | R2: 2024 | S2: 2024 | T2: 2024 | U2: 2024 | V2: 2024 | W2: 2024 | X2: 2024 | Y2: 2024 | Z2: 2025 | AA2: 2025 | AB2: 2025 | AC2: 2025 | AD2: 2025 | AE2: 2025 | AF2: 2025 | AG2: 2025 | AH2: 2025 | AI2: 2025 | AJ2: 2025 | AK2: 2025 | AL2: 2025 | AM2: 2025 | AN2: 2025 | AO2: 2025 | AP2: 2025 | AQ2: 2025 | AR2: 2025 | AS2: 2025 | AT2: 2025 | AU2: 2025 | AV2: 2025 | AW2: 2025 | AX2: 2025 | AY2: 2025 | AZ2: 2025 | BA2: 2025 | BB2: 2025 | BC2: 2025 | BD2: 2025 | BE2: 2025 | BF2: 2025 | BG2: 2025 | BH2: 2025 | BI2: 2025 | BJ2: 2025 | BK2: 2025 | BL2: 2025 | BM2: 2025 | BN2: 2025 | BO2: 2025 | BP2: 2025 | BQ2: 2025 | BR2: 2025 | BS2: 2025 | BT2: 2025 | BU2: 2025 | BV2: 2025 | BW2: 2025 | BX2: 2025 | BY2: 2025 | BZ2: 2025 | CA2: 2025 | CB2: 2025 | CC2: 2025 | CD2: 2025 | CE2: 2025 | CF2: 2025 | CG2: 2025 | CH2: 2025 | CI2: 2025 | CJ2: 2025 | CK2: 2025 | CL2: 2025 | CM2: 2025 | CN2: 2025 | CO2: 2025 | CP2: 2025 | CQ2: 2025 | CR2: 2025 | CS2: 2025 | CT2: 2025 | CU2: 2025 | CV2: 2025 | CW2: 2025 | CX2: 2025 | CY2: 2025 | CZ2: 2025 | DA2: 2025 | DB2: 2025 | DC2: 2025 | DD2: 2025 | DE2: 2025 | DF2: 2025 | DG2: 2025 | DH2: 2025 | DI2: 2025 | DJ2: 2025 | DK2: 2025 | DL2: 2025 | DM2: 2025 | DN2: 2025 | DO2: 2025 | DP2: 2025 | DQ2: 2025 | DR2: 2025 | DS2: 2025 | DT2: 2025 | DU2: 2025 | DV2: 2025 | DW2: 2025 | DX2: 2025 | DY2: 2025 | DZ2: 2025 | EA2: 2025 | EB2: 2025 | EC2: 2025 | ED2: 2025 | EE2: 2025 | EF2: 2025 | EG2: 2025 | EH2: 2025 | EI2: 2025 | EJ2: 2025 | EK2: 2025 | EL2: 2025 | EM2: 2025 | EN2: 2025 | EO2: 2025 | EP2: 2025 | EQ2: 2025 | ER2: 2025 | ES2: 2025 | ET2: 2025 | EU2: 2025 | EV2: 2025 | EW2: 2025 | EX2: 2025 | EY2: 2025 | EZ2: 2025 | FA2: 2025 | FB2: 2025 | FC2: 2025 | FD2: 2025 | FE2: 2025 | FF2: 2025 | FG2: 2025 | FH2: 2025 | FI2: 2025 | FJ2: 2025 | FK2: 2025 | FL2: 2025 | FM2: 2025 | FN2: 2025 | FO2: 2025 | FP2: 2025 | FQ2: 2025 | FR2: 2025 | FS2: 2025 | FT2: 2025 | FU2: 2025 | FV2: 2025 | FW2: 2025 | FX2: 2025 | FY2: 2025 | FZ2: 2025 | GA2: 2025 | GB2: 2025 | GC2: 2025 | GD2: 2025 | GE2: 2025 | GF2: 2025 | GG2: 2025 | GH2: 2025 | GI2: 2025 | GJ2: 2025 | GK2: 2025 | GL2: 2025 | GM2: 2025 | GN2: 2025 | GO2: 2025 | GP2: 2025 | GQ2: 2025 | GR2: 2025 | GS2: 2025 | GT2: 2025 | GU2: 2025 | GV2: 2025 | GW2: 2025 | GX2: 2025 | GY2: 2025 | GZ2: 2025 | HA2: 2025 | HB2: 2025 | HC2: 2025 | HD2: 2025 | HE2: 2025 | HF2: 2025 | HG2: 2025 | HH2: 2025 | HI2: 2025 | HJ2: 2025 | HK2: 2025 | HL2: 2025 | HM2: 2025 | HN2: 2025 | HO2: 2025 | HP2: 2025 | HQ2: 2025 | HR2: 2025 | HS2: 2025 | HT2: 2025 | HU2: 2025 | HV2: 2025 | HW2: 2025 | HX2: 2025 | HY2: 2025 | HZ2: 2025 | IA2: 2025 | IB2: 2025 | IC2: 2025 | ID2: 2025 | IE2: 2025 | IF2: 2025 | IG2: 2025 | IH2: 2025 | II2: 2025 | IJ2: 2025 | IK2: 2025 | IL2: 2025 | IM2: 2025 | IN2: 2025 | IO2: 2025 | IP2: 2025 | IQ2: 2025 | IR2: 2025 | IS2: 2025 | IT2: 2025 | IU2: 2025 | IV2: 2025 | IW2: 2025 | IX2: 2025 | IY2: 2025 | IZ2: 2025 | JA2: 2025 | JB2: 2025 | JC2: 2025 | JD2: 2025 | JE2: 2025 | JF2: 2025 | JG2: 2025 | JH2: 2025 | JI2: 2025 | JJ2: 2025 | JK2: 2025 | JL2: 2025 | JM2: 2025 | JN2: 2025 | JO2: 2025 | JP2: 2025 | JQ2: 2025 | JR2: 2025 | JS2: 2025 | JT2: 2025 | JU2: 2025 | JV2: 2025 | JW2: 2025 | JX2: 2025 | JY2: 2025 | JZ2: 2025 | KA2: 2025 | KB2: 2025 | KC2: 2025 | KD2: 2025 | KE2: 2025 | KF2: 2025 | KG2: 2025 | KH2: 2025 | KI2: 2025 | KJ2: 2025 | KK2: 2025 | KL2: 2025 | KM2: 2025 | KN2: 2025 | KO2: 2025 | KP2: 2025 | KQ2: 2025 | KR2: 2025 | KS2: 2025 | KT2: 2025 | KU2: 2025 | KV2: 2025 | KW2: 2025 | KX2: 2025 | KY2: 2025 | KZ2: 2025 | LA2: 2025 | LB2: 2026 | LC2: 2026 | LD2: 2026 | LE2: 2026 | LF2: 2026 | LG2: 2026 | LH2: 2026 | LI2: 2026 | LJ2: 2026 | LK2: 2026 | LL2: 2026 | LM2: 2026 | LN2: 2026 | LO2: 2026 | LP2: 2026 | LQ2: 2026 | LR2: 2026 | LS2: 2026 | LT2: 2026 | LU2: 2026 | LV2: 2026 | LW2: 2026 | LX2: 2026 | LY2: 2026 | LZ2: 2026 | MA2: 2026 | MB2: 2026 | MC2: 2026 | MD2: 2026 | ME2: 2026 | MF2: 2026 | MG2: 2026 | MH2: 2026 | MI2: 2026 | MJ2: 2026 | MK2: 2026 | ML2: 2026 | MM2: 2026 | MN2: 2026 | MO2: 2026 | MP2: 2026 | MQ2: 2026 | MR2: 2026 | MS2: 2026 | MT2: 2026 | MU2: 2026 | MV2: 2026 | MW2: 2026 | MX2: 2026 | MY2: 2026 | MZ2: 2026 | NA2: 2026 | NB2: 2026 | NC2: 2026 | ND2: 2026 | NE2: 2026 | NF2: 2026 | NG2: 2026 | NH2: 2026 | NI2: 2026 | NJ2: 2026 | NK2: 2026 | NL2: 2026 | NM2: 2026 | NN2: 2026 | NO2: 2026 | NP2: 2026 | NQ2: 2026 | NR2: 2026 | NS2: 2026 | NT2: 2026 | NU2: 2026 | NV2: 2026 | NW2: 2026 | NX2: 2026 | NY2: 2026 | NZ2: 2026 | OA2: 2026 | OB2: 2026 | OC2: 2026 | OD2: 2026 | OE2: 2026 | OF2: 2026 | OG2: 2026 | OH2: 2026 | OI2: 2026 | OJ2: 2026 | OK2: 2026 | OL2: 2026 | OM2: 2026 | ON2: 2026 | OO2: 2026 | OP2: 2026 | OQ2: 2026 | OR2: 2026 | OS2: 2026 | OT2: 2026 | OU2: 2026 | OV2: 2026 | OW2: 2026 | OX2: 2026 | OY2: 2026 | OZ2: 2026 | PA2: 2026 | PB2: 2026 | PC2: 2026 | PD2: 2026 | PE2: 2026 | PF2: 2026 | PG2: 2026 | PH2: 2026 | PI2: 2026 | PJ2: 2026 | PK2: 2026 | PL2: 2026 | PM2: 2026 | PN2: 2026 | PO2: 2026 | PP2: 2026 | PQ2: 2026 | PR2: 2026 | PS2: 2026 | PT2: 2026 | PU2: 2026 | PV2: 2026 | PW2: 2026 | PX2: 2026 | PY2: 2026 | PZ2: 2026 | QA2: 2026 | QB2: 2026 | QC2: 2026 | QD2: 2026 | QE2: 2026 | QF2: 2026 | QG2: 2026 | QH2: 2026 | QI2: 2026 | QJ2: 2026 | QK2: 2026 | QL2: 2026 | QM2: 2026 | QN2: 2026 | QO2: 2026 | QP2: 2026 | QQ2: 2026 | QR2: 2026 | QS2: 2026 | QT2: 2026 | QU2: 2026 | QV2: 2026 | QW2: 2026 | QX2: 2026 | QY2: 2026 | QZ2: 2026 | RA2: 2026 | RB2: 2026 | RC2: 2026 | RD2: 2026 | RE2: 2026 | RF2: 2026 | RG2: 2026 | RH2: 2026 | RI2: 2026 | RJ2: 2026 | RK2: 2026 | RL2: 2026 | RM2: 2026 | RN2: 2026 | RO2: 2026 | RP2: 2026 | RQ2: 2026 | RR2: 2026 | RS2: 2026 | RT2: 2026 | RU2: 2026 | RV2: 2026 | RW2: 2026 | RX2: 2026 | RY2: 2026 | RZ2: 2026 | SA2: 2026 | SB2: 2026 | SC2: 2026 | SD2: 2026 | SE2: 2026 | SF2: 2026 | SG2: 2026 | SH2: 2026 | SI2: 2026 | SJ2: 2026 | SK2: 2026 | SL2: 2026 | SM2: 2026 | SN2: 2026 | SO2: 2026 | SP2: 2026 | SQ2: 2026 | SR2: 2026 | SS2: 2026 | ST2: 2026 | SU2: 2026 | SV2: 2026 | SW2: 2026 | SX2: 2026 | SY2: 2026 | SZ2: 2026 | TA2: 2026 | TB2: 2026 | TC2: 2026 | TD2: 2026 | TE2: 2026 | TF2: 2026 | TG2: 2026 | TH2: 2026 | TI2: 2026 | TJ2: 2026 | TK2: 2026 | TL2: 2026 | TM2: 2026 | TN2: 2026 | TO2: 2026 | TP2: 2026 | TQ2: 2026 | TR2: 2026 | TS2: 2026 | TT2: 2026 | TU2: 2026 | TV2: 2026 | TW2: 2026 | TX2: 2026 | TY2: 2026 | TZ2: 2026 | UA2: 2026 | UB2: 2026 | UC2: 2026 | UD2: 2026 | UE2: 2026 | UF2: 2026 | UG2: 2026 | UH2: 2026 | UI2: 2026 | UJ2: 2026 | UK2: 2026 | UL2: 2026 | UM2: 2026 | UN2: 2026 | UO2: 2026 | UP2: 2026 | UQ2: 2026 | UR2: 2026 | US2: 2026 | UT2: 2026 | UU2: 2026 | UV2: 2026 | UW2: 2026 | UX2: 2026 | UY2: 2026 | UZ2: 2026 | VA2: 2026 | VB2: 2026 | VC2: 2026 | VD2: 2026 | VE2: 2026 | VF2: 2026 | VG2: 2026 | VH2: 2026 | VI2: 2026 | VJ2: 2026 | VK2: 2026 | VL2: 2026 | VM2: 2026 | VN2: 2026 | VO2: 2026 | VP2: 2026 | VQ2: 2026 | VR2: 2026 | VS2: 2026 | VT2: 2026 | VU2: 2026 | VV2: 2026 | VW2: 2026 | VX2: 2026 | VY2: 2026 | VZ2: 2026 | WA2: 2026 | WB2: 2026 | WC2: 2026 | WD2: 2026 | WE2: 2026 | WF2: 2026 | WG2: 2026 | WH2: 2026 | WI2: 2026 | WJ2: 2026 | WK2: 2026 | WL2: 2026 | WM2: 2026 | WN2: 2026 | WO2: 2026 | WP2: 2026 | WQ2: 2026 | WR2: 2026 | WS2: 2026 | WT2: 2026 | WU2: 2026 | WV2: 2026 | WW2: 2026 | WX2: 2026 | WY2: 2026 | WZ2: 2026 | XA2: 2026 | XB2: 2026 | XC2: 2026 | XD2: 2026 | XE2: 2026 | XF2: 2026 | XG2: 2026 | XH2: 2026 | XI2: 2026 | XJ2: 2026 | XK2: 2026 | XL2: 2026 | XM2: 2026 | XN2: 2026 | XO2: 2026 | XP2: 2026 | XQ2: 2026 | XR2: 2026 | XS2: 2026 | XT2: 2026 | XU2: 2026 | XV2: 2026 | XW2: 2026 | XX2: 2026 | XY2: 2026 | XZ2: 2026 | YA2: 2026 | YB2: 2026 | YC2: 2026 | YD2: 2026 | YE2: 2026 | YF2: 2026 | YG2: 2026 | YH2: 2026 | YI2: 2026 | YJ2: 2026 | YK2: 2026 | YL2: 2026 | YM2: 2026 | YN2: 2026 | YO2: 2026 | YP2: 2026 | YQ2: 2026 | YR2: 2026 | YS2: 2026 | YT2: 2026 | YU2: 2026 | YV2: 2026 | YW2: 2026 | YX2: 2026 | YY2: 2026 | YZ2: 2026 | ZA2: 2026 | ZB2: 2026 | ZC2: 2027 | ZD2: 2027 | ZE2: 2027 | ZF2: 2027 | ZG2: 2027 | ZH2: 2027 | ZI2: 2027 | ZJ2: 2027 | ZK2: 2027 | ZL2: 2027 | ZM2: 2027 | ZN2: 2027 | ZO2: 2027 | ZP2: 2027 | ZQ2: 2027 | ZR2: 2027 | ZS2: 2027 | ZT2: 2027 | ZU2: 2027 | ZV2: 2027 | ZW2: 2027 | ZX2: 2027 | ZY2: 2027 | ZZ2: 2027 | AAA2: 2027 | AAB2: 2027 | AAC2: 2027 | AAD2: 2027 | AAE2: 2027 | AAF2: 2027 | AAG2: 2027 | AAH2: 2027 | AAI2: 2027 | AAJ2: 2027 | AAK2: 2027 | AAL2: 2027 | AAM2: 2027 | AAN2: 2027 | AAO2: 2027 | AAP2: 2027 | AAQ2: 2027 | AAR2: 2027 | AAS2: 2027 | AAT2: 2027 | AAU2: 2027 | AAV2: 2027 | AAW2: 2027 | AAX2: 2027 | AAY2: 2027 | AAZ2: 2027 | ABA2: 2027 | ABB2: 2027 | ABC2: 2027 | ABD2: 2027 | ABE2: 2027 | ABF2: 2027 | ABG2: 2027 | ABH2: 2027 | ABI2: 2027 | ABJ2: 2027 | ABK2: 2027 | ABL2: 2027 | ABM2: 2027 | ABN2: 2027 | ABO2: 2027 | ABP2: 2027 | ABQ2: 2027 | ABR2: 2027 | ABS2: 2027 | ABT2: 2027 | ABU2: 2027 | ABV2: 2027 | ABW2: 2027 | ABX2: 2027 | ABY2: 2027 | ABZ2: 2027 | ACA2: 2027 | ACB2: 2027 | ACC2: 2027 | ACD2: 2027 | ACE2: 2027 | ACF2: 2027 | ACG2: 2027 | ACH2: 2027 | ACI2: 2027 | ACJ2: 2027 | ACK2: 2027 | ACL2: 2027 | ACM2: 2027 | ACN2: 2027 | ACO2: 2027 | ACP2: 2027 | ACQ2: 2027 | ACR2: 2027 | ACS2: 2027 | ACT2: 2027 | ACU2: 2027 | ACV2: 2027 | ACW2: 2027 | ACX2: 2027 | ACY2: 2027 | ACZ2: 2027 | ADA2: 2027 | ADB2: 2027 | ADC2: 2027 | ADD2: 2027 | ADE2: 2027 | ADF2: 2027 | ADG2: 2027 | ADH2: 2027 | ADI2: 2027 | ADJ2: 2027 | ADK2: 2027 | ADL2: 2027 | ADM2: 2027 | ADN2: 2027 | ADO2: 2027 | ADP2: 2027 | ADQ2: 2027 | ADR2: 2027 | ADS2: 2027 | ADT2: 2027 | ADU2: 2027 | ADV2: 2027 | ADW2: 2027 | ADX2: 2027 | ADY2: 2027 | ADZ2: 2027 | AEA2: 2027 | AEB2: 2027 | AEC2: 2027 | AED2: 2027 | AEE2: 2027 | AEF2: 2027 | AEG2: 2027 | AEH2: 2027 | AEI2: 2027 | AEJ2: 2027 | AEK2: 2027 | AEL2: 2027 | AEM2: 2027 | AEN2: 2027 | AEO2: 2027 | AEP2: 2027 | AEQ2: 2027 | AER2: 2027 | AES2: 2027 | AET2: 2027 | AEU2: 2027 | AEV2: 2027 | AEW2: 2027 | AEX2: 2027 | AEY2: 2027 | AEZ2: 2027 | AFA2: 2027 | AFB2: 2027 | AFC2: 2027 | AFD2: 2027 | AFE2: 2027 | AFF2: 2027 | AFG2: 2027 | AFH2: 2027 | AFI2: 2027 | AFJ2: 2027 | AFK2: 2027 | AFL2: 2027 | AFM2: 2027 | AFN2: 2027 | AFO2: 2027 | AFP2: 2027 | AFQ2: 2027 | AFR2: 2027 | AFS2: 2027 | AFT2: 2027 | AFU2: 2027 | AFV2: 2027 | AFW2: 2027 | AFX2: 2027 | AFY2: 2027 | AFZ2: 2027 | AGA2: 2027 | AGB2: 2027 | AGC2: 2027 | AGD2: 2027 | AGE2: 2027 | AGF2: 2027 | AGG2: 2027 | AGH2: 2027 | AGI2: 2027 | AGJ2: 2027 | AGK2: 2027 | AGL2: 2027 | AGM2: 2027 | AGN2: 2027 | AGO2: 2027 | AGP2: 2027 | AGQ2: 2027 | AGR2: 2027 | AGS2: 2027 | AGT2: 2027 | AGU2: 2027 | AGV2: 2027 | AGW2: 2027 | AGX2: 2027 | AGY2: 2027 | AGZ2: 2027 | AHA2: 2027 | AHB2: 2027 | AHC2: 2027 | AHD2: 2027 | AHE2: 2027 | AHF2: 2027 | AHG2: 2027 | AHH2: 2027 | AHI2: 2027 | AHJ2: 2027 | AHK2: 2027 | AHL2: 2027 | AHM2: 2027 | AHN2: 2027 | AHO2: 2027 | AHP2: 2027 | AHQ2: 2027 | AHR2: 2027 | AHS2: 2027 | AHT2: 2027 | AHU2: 2027 | AHV2: 2027 | AHW2: 2027 | AHX2: 2027 | AHY2: 2027 | AHZ2: 2027 | AIA2: 2027 | AIB2: 2027 | AIC2: 2027 | AID2: 2027 | AIE2: 2027 | AIF2: 2027 | AIG2: 2027 | AIH2: 2027 | AII2: 2027 | AIJ2: 2027 | AIK2: 2027 | AIL2: 2027 | AIM2: 2027 | AIN2: 2027 | AIO2: 2027 | AIP2: 2027 | AIQ2: 2027 | AIR2: 2027 | AIS2: 2027 | AIT2: 2027 | AIU2: 2027 | AIV2: 2027 | AIW2: 2027 | AIX2: 2027 | AIY2: 2027 | AIZ2: 2027 | AJA2: 2027 | AJB2: 2027 | AJC2: 2027 | AJD2: 2027 | AJE2: 2027 | AJF2: 2027 | AJG2: 2027 | AJH2: 2027 | AJI2: 2027 | AJJ2: 2027 | AJK2: 2027 | AJL2: 2027 | AJM2: 2027 | AJN2: 2027 | AJO2: 2027 | AJP2: 2027 | AJQ2: 2027 | AJR2: 2027 | AJS2: 2027 | AJT2: 2027 | AJU2: 2027 | AJV2: 2027 | AJW2: 2027 | AJX2: 2027 | AJY2: 2027 | AJZ2: 2027 | AKA2: 2027 | AKB2: 2027 | AKC2: 2027 | AKD2: 2027 | AKE2: 2027 | AKF2: 2027 | AKG2: 2027 | AKH2: 2027 | AKI2: 2027 | AKJ2: 2027 | AKK2: 2027 | AKL2: 2027 | AKM2: 2027 | AKN2: 2027 | AKO2: 2027 | AKP2: 2027 | AKQ2: 2027 | AKR2: 2027 | AKS2: 2027 | AKT2: 2027 | AKU2: 2027 | AKV2: 2027 | AKW2: 2027 | AKX2: 2027 | AKY2: 2027 | AKZ2: 2027 | ALA2: 2027 | ALB2: 2027 | ALC2: 2027 | ALD2: 2027 | ALE2: 2027 | ALF2: 2027 | ALG2: 2027 | ALH2: 2027 | ALI2: 2027 | ALJ2: 2027 | ALK2: 2027 | ALL2: 2027 | ALM2: 2027 | ALN2: 2027 | ALO2: 2027 | ALP2: 2027 | ALQ2: 2027 | ALR2: 2027 | ALS2: 2027 | ALT2: 2027 | ALU2: 2027 | ALV2: 2027 | ALW2: 2027 | ALX2: 2027 | ALY2: 2027 | ALZ2: 2027 | AMA2: 2027 | AMB2: 2027 | AMC2: 2027 | AMD2: 2027 | AME2: 2027 | AMF2: 2027 | AMG2: 2027 | AMH2: 2027 | AMI2: 2027 | AMJ2: 2027 | AMK2: 2027 | AML2: 2027 | AMM2: 2027 | AMN2: 2027 | AMO2: 2027 | AMP2: 2027 | AMQ2: 2027 | AMR2: 2027 | AMS2: 2027 | AMT2: 2027 | AMU2: 2027 | AMV2: 2027 | AMW2: 2027 | AMX2: 2027 | AMY2: 2027 | AMZ2: 2027 | ANA2: 2027 | ANB2: 2027 | ANC2: 2027 | AND2: 2028 | ANE2: 2028 | ANF2: 2028 | ANG2: 2028 | ANH2: 2028 | ANI2: 2028 | ANJ2: 2028 | ANK2: 2028 | ANL2: 2028 | ANM2: 2028 | ANN2: 2028 | ANO2: 2028 | ANP2: 2028 | ANQ2: 2028 | ANR2: 2028 | ANS2: 2028 | ANT2: 2028 | ANU2: 2028 | ANV2: 2028 | ANW2: 2028 | ANX2: 2028 | ANY2: 2028 | ANZ2: 2028 | AOA2: 2028 | AOB2: 2028 | AOC2: 2028 | AOD2: 2028
H3: 45640 | I3: 45641 | J3: 45642 | K3: 45643 | L3: 45644 | M3: 45645 | N3: 45646 | O3: 45647 | P3: 45648 | Q3: 45649 | R3: 45650 | S3: 45651 | T3: 45652 | U3: 45653 | V3: 45654 | W3: 45655 | X3: 45656 | Y3: 45657 | Z3: 45658 | AA3: 45659 | AB3: 45660 | AC3: 45661 | AD3: 45662 | AE3: 45663 | AF3: 45664 | AG3: 45665 | AH3: 45666 | AI3: 45667 | AJ3: 45668 | AK3: 45669 | AL3: 45670 | AM3: 45671 | AN3: 45672 | AO3: 45673 | AP3: 45674 | AQ3: 45675 | AR3: 45676 | AS3: 45677 | AT3: 45678 | AU3: 45679 | AV3: 45680 | AW3: 45681 | AX3: 45682 | AY3: 45683 | AZ3: 45684 | BA3: 45685 | BB3: 45686 | BC3: 45687 | BD3: 45688 | BE3: 45689 | BF3: 45690 | BG3: 45691 | BH3: 45692 | BI3: 45693 | BJ3: 45694 | BK3: 45695 | BL3: 45696 | BM3: 45697 | BN3: 45698 | BO3: 45699 | BP3: 45700 | BQ3: 45701 | BR3: 45702 | BS3: 45703 | BT3: 45704 | BU3: 45705 | BV3: 45706 | BW3: 45707 | BX3: 45708 | BY3: 45709 | BZ3: 45710 | CA3: 45711 | CB3: 45712 | CC3: 45713 | CD3: 45714 | CE3: 45715 | CF3: 45716 | CG3: 45794 | CH3: 45795 | CI3: 45796 | CJ3: 45797 | CK3: 45798 | CL3: 45799 | CM3: 45800 | CN3: 45801 | CO3: 45802 | CP3: 45803 | CQ3: 45804 | CR3: 45805 | CS3: 45806 | CT3: 45807 | CU3: 45808 | CV3: 45809 | CW3: 45810 | CX3: 45811 | CY3: 45812 | CZ3: 45813 | DA3: 45814 | DB3: 45815 | DC3: 45816 | DD3: 45817 | DE3: 45818 | DF3: 45819 | DG3: 45820 | DH3: 45821 | DI3: 45822 | DJ3: 45823 | DK3: 45824 | DL3: 45825 | DM3: 45826 | DN3: 45827 | DO3: 45828 | DP3: 45829 | DQ3: 45830 | DR3: 45831 | DS3: 45832 | DT3: 45833 | DU3: 45834 | DV3: 45835 | DW3: 45836 | DX3: 45837 | DY3: 45838 | DZ3: 45839 | EA3: 45840 | EB3: 45841 | EC3: 45842 | ED3: 45843 | EE3: 45844 | EF3: 45845 | EG3: 45846 | EH3: 45847 | EI3: 45848 | EJ3: 45849 | EK3: 45850 | EL3: 45851 | EM3: 45852 | EN3: 45853 | EO3: 45854 | EP3: 45855 | EQ3: 45856 | ER3: 45857 | ES3: 45858 | ET3: 45859 | EU3: 45860 | EV3: 45861 | EW3: 45862 | EX3: 45863 | EY3: 45864 | EZ3: 45865 | FA3: 45866 | FB3: 45867 | FC3: 45868 | FD3: 45869 | FE3: 45870 | FF3: 45871 | FG3: 45872 | FH3: 45873 | FI3: 45874 | FJ3: 45875 | FK3: 45876 | FL3: 45877 | FM3: 45878 | FN3: 45879 | FO3: 45880 | FP3: 45881 | FQ3: 45882 | FR3: 45883 | FS3: 45884 | FT3: 45885 | FU3: 45886 | FV3: 45887 | FW3: 45888 | FX3: 45889 | FY3: 45890 | FZ3: 45891 | GA3: 45892 | GB3: 45893 | GC3: 45894 | GD3: 45895 | GE3: 45896 | GF3: 45897 | GG3: 45898 | GH3: 45899 | GI3: 45900 | GJ3: 45901 | GK3: 45902 | GL3: 45903 | GM3: 45904 | GN3: 45905 | GO3: 45906 | GP3: 45907 | GQ3: 45908 | GR3: 45909 | GS3: 45910 | GT3: 45911 | GU3: 45912 | GV3: 45913 | GW3: 45914 | GX3: 45915 | GY3: 45916 | GZ3: 45917 | HA3: 45918 | HB3: 45919 | HC3: 45920 | HD3: 45921 | HE3: 45922 | HF3: 45923 | HG3: 45924 | HH3: 45925 | HI3: 45926 | HJ3: 45927 | HK3: 45928 | HL3: 45929 | HM3: 45930 | HN3: 45931 | HO3: 45932 | HP3: 45933 | HQ3: 45934 | HR3: 45935 | HS3: 45936 | HT3: 45937 | HU3: 45938 | HV3: 45939 | HW3: 45940 | HX3: 45941 | HY3: 45942 | HZ3: 45943 | IA3: 45944 | IB3: 45945 | IC3: 45946 | ID3: 45947 | IE3: 45948 | IF3: 45949 | IG3: 45950 | IH3: 45951 | II3: 45952 | IJ3: 45953 | IK3: 45954 | IL3: 45955 | IM3: 45956 | IN3: 45957 | IO3: 45958 | IP3: 45959 | IQ3: 45960 | IR3: 45961 | IS3: 45962 | IT3: 45963 | IU3: 45964 | IV3: 45965 | IW3: 45966 | IX3: 45967 | IY3: 45968 | IZ3: 45969 | JA3: 45970 | JB3: 45971 | JC3: 45972 | JD3: 45973 | JE3: 45974 | JF3: 45975 | JG3: 45976 | JH3: 45977 | JI3: 45978 | JJ3: 45979 | JK3: 45980 | JL3: 45981 | JM3: 45982 | JN3: 45983 | JO3: 45984 | JP3: 45985 | JQ3: 45986 | JR3: 45987 | JS3: 45988 | JT3: 45989 | JU3: 45990 | JV3: 45991 | JW3: 45992 | JX3: 45993 | JY3: 45994 | JZ3: 45995 | KA3: 45996 | KB3: 45997 | KC3: 45998 | KD3: 45999 | KE3: 46000 | KF3: 46001 | KG3: 46002 | KH3: 46003 | KI3: 46004 | KJ3: 46005 | KK3: 46006 | KL3: 46007 | KM3: 46008 | KN3: 46009 | KO3: 46010 | KP3: 46011 | KQ3: 46012 | KR3: 46013 | KS3: 46014 | KT3: 46015 | KU3: 46016 | KV3: 46017 | KW3: 46018 | KX3: 46019 | KY3: 46020 | KZ3: 46021 | LA3: 46022 | LB3: 46023 | LC3: 46024 | LD3: 46025 | LE3: 46026 | LF3: 46027 | LG3: 46028 | LH3: 46029 | LI3: 46030 | LJ3: 46031 | LK3: 46032 | LL3: 46033 | LM3: 46034 | LN3: 46035 | LO3: 46036 | LP3: 46037 | LQ3: 46038 | LR3: 46039 | LS3: 46040 | LT3: 46041 | LU3: 46042 | LV3: 46043 | LW3: 46044 | LX3: 46045 | LY3: 46046 | LZ3: 46047 | MA3: 46048 | MB3: 46049 | MC3: 46050 | MD3: 46051 | ME3: 46052 | MF3: 46053 | MG3: 46054 | MH3: 46055 | MI3: 46056 | MJ3: 46057 | MK3: 46058 | ML3: 46059 | MM3: 46060 | MN3: 46061 | MO3: 46062 | MP3: 46063 | MQ3: 46064 | MR3: 46065 | MS3: 46066 | MT3: 46067 | MU3: 46068 | MV3: 46069 | MW3: 46070 | MX3: 46071 | MY3: 46072 | MZ3: 46073 | NA3: 46074 | NB3: 46075 | NC3: 46076 | ND3: 46077 | NE3: 46078 | NF3: 46079 | NG3: 46080 | NH3: 46081 | NI3: 46082 | NJ3: 46083 | NK3: 46084 | NL3: 46085 | NM3: 46086 | NN3: 46087 | NO3: 46088 | NP3: 46089 | NQ3: 46090 | NR3: 46091 | NS3: 46092 | NT3: 46093 | NU3: 46094 | NV3: 46095 | NW3: 46096 | NX3: 46097 | NY3: 46098 | NZ3: 46099 | OA3: 46100 | OB3: 46101 | OC3: 46102 | OD3: 46103 | OE3: 46104 | OF3: 46105 | OG3: 46106 | OH3: 46107 | OI3: 46108 | OJ3: 46109 | OK3: 46110 | OL3: 46111 | OM3: 46112 | ON3: 46113 | OO3: 46114 | OP3: 46115 | OQ3: 46116 | OR3: 46117 | OS3: 46118 | OT3: 46119 | OU3: 46120 | OV3: 46121 | OW3: 46122 | OX3: 46123 | OY3: 46124 | OZ3: 46125 | PA3: 46126 | PB3: 46127 | PC3: 46128 | PD3: 46129 | PE3: 46130 | PF3: 46131 | PG3: 46132 | PH3: 46133 | PI3: 46134 | PJ3: 46135 | PK3: 46136 | PL3: 46137 | PM3: 46138 | PN3: 46139 | PO3: 46140 | PP3: 46141 | PQ3: 46142 | PR3: 46143 | PS3: 46144 | PT3: 46145 | PU3: 46146 | PV3: 46147 | PW3: 46148 | PX3: 46149 | PY3: 46150 | PZ3: 46151 | QA3: 46152 | QB3: 46153 | QC3: 46154 | QD3: 46155 | QE3: 46156 | QF3: 46157 | QG3: 46158 | QH3: 46159 | QI3: 46160 | QJ3: 46161 | QK3: 46162 | QL3: 46163 | QM3: 46164 | QN3: 46165 | QO3: 46166 | QP3: 46167 | QQ3: 46168 | QR3: 46169 | QS3: 46170 | QT3: 46171 | QU3: 46172 | QV3: 46173 | QW3: 46174 | QX3: 46175 | QY3: 46176 | QZ3: 46177 | RA3: 46178 | RB3: 46179 | RC3: 46180 | RD3: 46181 | RE3: 46182 | RF3: 46183 | RG3: 46184 | RH3: 46185 | RI3: 46186 | RJ3: 46187 | RK3: 46188 | RL3: 46189 | RM3: 46190 | RN3: 46191 | RO3: 46192 | RP3: 46193 | RQ3: 46194 | RR3: 46195 | RS3: 46196 | RT3: 46197 | RU3: 46198 | RV3: 46199 | RW3: 46200 | RX3: 46201 | RY3: 46202 | RZ3: 46203 | SA3: 46204 | SB3: 46205 | SC3: 46206 | SD3: 46207 | SE3: 46208 | SF3: 46209 | SG3: 46210 | SH3: 46211 | SI3: 46212 | SJ3: 46213 | SK3: 46214 | SL3: 46215 | SM3: 46216 | SN3: 46217 | SO3: 46218 | SP3: 46219 | SQ3: 46220 | SR3: 46221 | SS3: 46222 | ST3: 46223 | SU3: 46224 | SV3: 46225 | SW3: 46226 | SX3: 46227 | SY3: 46228 | SZ3: 46229 | TA3: 46230 | TB3: 46231 | TC3: 46232 | TD3: 46233 | TE3: 46234 | TF3: 46235 | TG3: 46236 | TH3: 46237 | TI3: 46238 | TJ3: 46239 | TK3: 46240 | TL3: 46241 | TM3: 46242 | TN3: 46243 | TO3: 46244 | TP3: 46245 | TQ3: 46246 | TR3: 46247 | TS3: 46248 | TT3: 46249 | TU3: 46250 | TV3: 46251 | TW3: 46252 | TX3: 46253 | TY3: 46254 | TZ3: 46255 | UA3: 46256 | UB3: 46257 | UC3: 46258 | UD3: 46259 | UE3: 46260 | UF3: 46261 | UG3: 46262 | UH3: 46263 | UI3: 46264 | UJ3: 46265 | UK3: 46266 | UL3: 46267 | UM3: 46268 | UN3: 46269 | UO3: 46270 | UP3: 46271 | UQ3: 46272 | UR3: 46273 | US3: 46274 | UT3: 46275 | UU3: 46276 | UV3: 46277 | UW3: 46278 | UX3: 46279 | UY3: 46280 | UZ3: 46281 | VA3: 46282 | VB3: 46283 | VC3: 46284 | VD3: 46285 | VE3: 46286 | VF3: 46287 | VG3: 46288 | VH3: 46289 | VI3: 46290 | VJ3: 46291 | VK3: 46292 | VL3: 46293 | VM3: 46294 | VN3: 46295 | VO3: 46296 | VP3: 46297 | VQ3: 46298 | VR3: 46299 | VS3: 46300 | VT3: 46301 | VU3: 46302 | VV3: 46303 | VW3: 46304 | VX3: 46305 | VY3: 46306 | VZ3: 46307 | WA3: 46308 | WB3: 46309 | WC3: 46310 | WD3: 46311 | WE3: 46312 | WF3: 46313 | WG3: 46314 | WH3: 46315 | WI3: 46316 | WJ3: 46317 | WK3: 46318 | WL3: 46319 | WM3: 46320 | WN3: 46321 | WO3: 46322 | WP3: 46323 | WQ3: 46324 | WR3: 46325 | WS3: 46326 | WT3: 46327 | WU3: 46328 | WV3: 46329 | WW3: 46330 | WX3: 46331 | WY3: 46332 | WZ3: 46333 | XA3: 46334 | XB3: 46335 | XC3: 46336 | XD3: 46337 | XE3: 46338 | XF3: 46339 | XG3: 46340 | XH3: 46341 | XI3: 46342 | XJ3: 46343 | XK3: 46344 | XL3: 46345 | XM3: 46346 | XN3: 46347 | XO3: 46348 | XP3: 46349 | XQ3: 46350 | XR3: 46351 | XS3: 46352 | XT3: 46353 | XU3: 46354 | XV3: 46355 | XW3: 46356 | XX3: 46357 | XY3: 46358 | XZ3: 46359 | YA3: 46360 | YB3: 46361 | YC3: 46362 | YD3: 46363 | YE3: 46364 | YF3: 46365 | YG3: 46366 | YH3: 46367 | YI3: 46368 | YJ3: 46369 | YK3: 46370 | YL3: 46371 | YM3: 46372 | YN3: 46373 | YO3: 46374 | YP3: 46375 | YQ3: 46376 | YR3: 46377 | YS3: 46378 | YT3: 46379 | YU3: 46380 | YV3: 46381 | YW3: 46382 | YX3: 46383 | YY3: 46384 | YZ3: 46385 | ZA3: 46386 | ZB3: 46387 | ZC3: 46388 | ZD3: 46389 | ZE3: 46390 | ZF3: 46391 | ZG3: 46392 | ZH3: 46393 | ZI3: 46394 | ZJ3: 46395 | ZK3: 46396 | ZL3: 46397 | ZM3: 46398 | ZN3: 46399 | ZO3: 46400 | ZP3: 46401 | ZQ3: 46402 | ZR3: 46403 | ZS3: 46404 | ZT3: 46405 | ZU3: 46406 | ZV3: 46407 | ZW3: 46408 | ZX3: 46409 | ZY3: 46410 | ZZ3: 46411 | AAA3: 46412 | AAB3: 46413 | AAC3: 46414 | AAD3: 46415 | AAE3: 46416 | AAF3: 46417 | AAG3: 46418 | AAH3: 46419 | AAI3: 46420 | AAJ3: 46421 | AAK3: 46422 | AAL3: 46423 | AAM3: 46424 | AAN3: 46425 | AAO3: 46426 | AAP3: 46427 | AAQ3: 46428 | AAR3: 46429 | AAS3: 46430 | AAT3: 46431 | AAU3: 46432 | AAV3: 46433 | AAW3: 46434 | AAX3: 46435 | AAY3: 46436 | AAZ3: 46437 | ABA3: 46438 | ABB3: 46439 | ABC3: 46440 | ABD3: 46441 | ABE3: 46442 | ABF3: 46443 | ABG3: 46444 | ABH3: 46445 | ABI3: 46446 | ABJ3: 46447 | ABK3: 46448 | ABL3: 46449 | ABM3: 46450 | ABN3: 46451 | ABO3: 46452 | ABP3: 46453 | ABQ3: 46454 | ABR3: 46455 | ABS3: 46456 | ABT3: 46457 | ABU3: 46458 | ABV3: 46459 | ABW3: 46460 | ABX3: 46461 | ABY3: 46462 | ABZ3: 46463 | ACA3: 46464 | ACB3: 46465 | ACC3: 46466 | ACD3: 46467 | ACE3: 46468 | ACF3: 46469 | ACG3: 46470 | ACH3: 46471 | ACI3: 46472 | ACJ3: 46473 | ACK3: 46474 | ACL3: 46475 | ACM3: 46476 | ACN3: 46477 | ACO3: 46478 | ACP3: 46479 | ACQ3: 46480 | ACR3: 46481 | ACS3: 46482 | ACT3: 46483 | ACU3: 46484 | ACV3: 46485 | ACW3: 46486 | ACX3: 46487 | ACY3: 46488 | ACZ3: 46489 | ADA3: 46490 | ADB3: 46491 | ADC3: 46492 | ADD3: 46493 | ADE3: 46494 | ADF3: 46495 | ADG3: 46496 | ADH3: 46497 | ADI3: 46498 | ADJ3: 46499 | ADK3: 46500 | ADL3: 46501 | ADM3: 46502 | ADN3: 46503 | ADO3: 46504 | ADP3: 46505 | ADQ3: 46506 | ADR3: 46507 | ADS3: 46508 | ADT3: 46509 | ADU3: 46510 | ADV3: 46511 | ADW3: 46512 | ADX3: 46513 | ADY3: 46514 | ADZ3: 46515 | AEA3: 46516 | AEB3: 46517 | AEC3: 46518 | AED3: 46519 | AEE3: 46520 | AEF3: 46521 | AEG3: 46522 | AEH3: 46523 | AEI3: 46524 | AEJ3: 46525 | AEK3: 46526 | AEL3: 46527 | AEM3: 46528 | AEN3: 46529 | AEO3: 46530 | AEP3: 46531 | AEQ3: 46532 | AER3: 46533 | AES3: 46534 | AET3: 46535 | AEU3: 46536 | AEV3: 46537 | AEW3: 46538 | AEX3: 46539 | AEY3: 46540 | AEZ3: 46541 | AFA3: 46542 | AFB3: 46543 | AFC3: 46544 | AFD3: 46545 | AFE3: 46546 | AFF3: 46547 | AFG3: 46548 | AFH3: 46549 | AFI3: 46550 | AFJ3: 46551 | AFK3: 46552 | AFL3: 46553 | AFM3: 46554 | AFN3: 46555 | AFO3: 46556 | AFP3: 46557 | AFQ3: 46558 | AFR3: 46559 | AFS3: 46560 | AFT3: 46561 | AFU3: 46562 | AFV3: 46563 | AFW3: 46564 | AFX3: 46565 | AFY3: 46566 | AFZ3: 46567 | AGA3: 46568 | AGB3: 46569 | AGC3: 46570 | AGD3: 46571 | AGE3: 46572 | AGF3: 46573 | AGG3: 46574 | AGH3: 46575 | AGI3: 46576 | AGJ3: 46577 | AGK3: 46578 | AGL3: 46579 | AGM3: 46580 | AGN3: 46581 | AGO3: 46582 | AGP3: 46583 | AGQ3: 46584 | AGR3: 46585 | AGS3: 46586 | AGT3: 46587 | AGU3: 46588 | AGV3: 46589 | AGW3: 46590 | AGX3: 46591 | AGY3: 46592 | AGZ3: 46593 | AHA3: 46594 | AHB3: 46595 | AHC3: 46596 | AHD3: 46597 | AHE3: 46598 | AHF3: 46599 | AHG3: 46600 | AHH3: 46601 | AHI3: 46602 | AHJ3: 46603 | AHK3: 46604 | AHL3: 46605 | AHM3: 46606 | AHN3: 46607 | AHO3: 46608 | AHP3: 46609 | AHQ3: 46610 | AHR3: 46611 | AHS3: 46612 | AHT3: 46613 | AHU3: 46614 | AHV3: 46615 | AHW3: 46616 | AHX3: 46617 | AHY3: 46618 | AHZ3: 46619 | AIA3: 46620 | AIB3: 46621 | AIC3: 46622 | AID3: 46623 | AIE3: 46624 | AIF3: 46625 | AIG3: 46626 | AIH3: 46627 | AII3: 46628 | AIJ3: 46629 | AIK3: 46630 | AIL3: 46631 | AIM3: 46632 | AIN3: 46633 | AIO3: 46634 | AIP3: 46635 | AIQ3: 46636 | AIR3: 46637 | AIS3: 46638 | AIT3: 46639 | AIU3: 46640 | AIV3: 46641 | AIW3: 46642 | AIX3: 46643 | AIY3: 46644 | AIZ3: 46645 | AJA3: 46646 | AJB3: 46647 | AJC3: 46648 | AJD3: 46649 | AJE3: 46650 | AJF3: 46651 | AJG3: 46652 | AJH3: 46653 | AJI3: 46654 | AJJ3: 46655 | AJK3: 46656 | AJL3: 46657 | AJM3: 46658 | AJN3: 46659 | AJO3: 46660 | AJP3: 46661 | AJQ3: 46662 | AJR3: 46663 | AJS3: 46664 | AJT3: 46665 | AJU3: 46666 | AJV3: 46667 | AJW3: 46668 | AJX3: 46669 | AJY3: 46670 | AJZ3: 46671 | AKA3: 46672 | AKB3: 46673 | AKC3: 46674 | AKD3: 46675 | AKE3: 46676 | AKF3: 46677 | AKG3: 46678 | AKH3: 46679 | AKI3: 46680 | AKJ3: 46681 | AKK3: 46682 | AKL3: 46683 | AKM3: 46684 | AKN3: 46685 | AKO3: 46686 | AKP3: 46687 | AKQ3: 46688 | AKR3: 46689 | AKS3: 46690 | AKT3: 46691 | AKU3: 46692 | AKV3: 46693 | AKW3: 46694 | AKX3: 46695 | AKY3: 46696 | AKZ3: 46697 | ALA3: 46698 | ALB3: 46699 | ALC3: 46700 | ALD3: 46701 | ALE3: 46702 | ALF3: 46703 | ALG3: 46704 | ALH3: 46705 | ALI3: 46706 | ALJ3: 46707 | ALK3: 46708 | ALL3: 46709 | ALM3: 46710 | ALN3: 46711 | ALO3: 46712 | ALP3: 46713 | ALQ3: 46714 | ALR3: 46715 | ALS3: 46716 | ALT3: 46717 | ALU3: 46718 | ALV3: 46719 | ALW3: 46720 | ALX3: 46721 | ALY3: 46722 | ALZ3: 46723 | AMA3: 46724 | AMB3: 46725 | AMC3: 46726 | AMD3: 46727 | AME3: 46728 | AMF3: 46729 | AMG3: 46730 | AMH3: 46731 | AMI3: 46732 | AMJ3: 46733 | AMK3: 46734 | AML3: 46735 | AMM3: 46736 | AMN3: 46737 | AMO3: 46738 | AMP3: 46739 | AMQ3: 46740 | AMR3: 46741 | AMS3: 46742 | AMT3: 46743 | AMU3: 46744 | AMV3: 46745 | AMW3: 46746 | AMX3: 46747 | AMY3: 46748 | AMZ3: 46749 | ANA3: 46750 | ANB3: 46751 | ANC3: 46752 | AND3: 46753 | ANE3: 46754 | ANF3: 46755 | ANG3: 46756 | ANH3: 46757 | ANI3: 46758 | ANJ3: 46759 | ANK3: 46760 | ANL3: 46761 | ANM3: 46762 | ANN3: 46763 | ANO3: 46764 | ANP3: 46765 | ANQ3: 46766 | ANR3: 46767 | ANS3: 46768 | ANT3: 46769 | ANU3: 46770 | ANV3: 46771 | ANW3: 46772 | ANX3: 46773 | ANY3: 46774 | ANZ3: 46775 | AOA3: 46776 | AOB3: 46777 | AOC3: 46778 | AOD3: 46779
H4: =WEEKDAY(H3,2) -> 6 | I4: =WEEKDAY(I3,2) -> 7 | J4: =WEEKDAY(J3,2) -> 1 | K4: =WEEKDAY(K3,2) -> 2 | L4: =WEEKDAY(L3,2) -> 3 | M4: =WEEKDAY(M3,2) -> 4 | N4: =WEEKDAY(N3,2) -> 5 | O4: =WEEKDAY(O3,2) -> 6 | ... AOD4: =WEEKDAY(AOD3,2) -> 4
H5: =MONTH(H3) -> 12 | I5: =MONTH(I3) -> 12 | J5: =MONTH(J3) -> 12 | K5: =MONTH(K3) -> 12 | L5: =MONTH(L3) -> 12 | M5: =MONTH(M3) -> 12 | N5: =MONTH(N3) -> 12 | O5: =MONTH(O3) -> 12 | ... AOD5: =MONTH(AOD3) -> 1
B6: Site closed / Bank holidays | G6: Month | H6: =VLOOKUP(H5,param!$D:$E,2,FALSE) -> Dec | I6: =VLOOKUP(I5,param!$D:$E,2,FALSE) -> Dec | J6: =VLOOKUP(J5,param!$D:$E,2,FALSE) -> Dec | K6: =VLOOKUP(K5,param!$D:$E,2,FALSE) -> Dec | L6: =VLOOKUP(L5,param!$D:$E,2,FALSE) -> Dec | M6: =VLOOKUP(M5,param!$D:$E,2,FALSE) -> Dec | N6: =VLOOKUP(N5,param!$D:$E,2,FALSE) -> Dec | O6: =VLOOKUP(O5,param!$D:$E,2,FALSE) -> Dec | ... AOD6: =VLOOKUP(AOD5,param!$D:$E,2,FALSE) -> Jan
G7: Week | H7: =WEEKNUM(H3) -> 50 | I7: =WEEKNUM(I3) -> 51 | J7: =WEEKNUM(J3) -> 51 | K7: =WEEKNUM(K3) -> 51 | L7: =WEEKNUM(L3) -> 51 | M7: =WEEKNUM(M3) -> 51 | N7: =WEEKNUM(N3) -> 51 | O7: =WEEKNUM(O3) -> 51 | ... AOD7: =WEEKNUM(AOD3) -> 5
F8: =TODAY() -> 46276 | H8: =IF(H3=$F8,"x",) -> 0 | I8: =IF(I3=$F8,"x",) -> 0 | J8: =IF(J3=$F8,"x",) -> 0 | K8: =IF(K3=$F8,"x",) -> 0 | L8: =IF(L3=$F8,"x",) -> 0 | M8: =IF(M3=$F8,"x",) -> 0 | N8: =IF(N3=$F8,"x",) -> 0 | O8: =IF(O3=$F8,"x",) -> 0 | ... AOD8: =IF(AOD3=$F8,"x",) -> 0
G9: Day | H9: =DAY(H3) -> 14 | I9: =DAY(I3) -> 15 | J9: =DAY(J3) -> 16 | K9: =DAY(K3) -> 17 | L9: =DAY(L3) -> 18 | M9: =DAY(M3) -> 19 | N9: =DAY(N3) -> 20 | O9: =DAY(O3) -> 21 | ... AOD9: =DAY(AOD3) -> 27
H10: =VLOOKUP(H4,param!$A:$B,2,FALSE) -> Sat | I10: =VLOOKUP(I4,param!$A:$B,2,FALSE) -> Sun | J10: =VLOOKUP(J4,param!$A:$B,2,FALSE) -> Mon | K10: =VLOOKUP(K4,param!$A:$B,2,FALSE) -> Tue | L10: =VLOOKUP(L4,param!$A:$B,2,FALSE) -> Wed | M10: =VLOOKUP(M4,param!$A:$B,2,FALSE) -> Thu | N10: =VLOOKUP(N4,param!$A:$B,2,FALSE) -> Fri | O10: =VLOOKUP(O4,param!$A:$B,2,FALSE) -> Sat | ... AOD10: =VLOOKUP(AOD4,param!$A:$B,2,FALSE) -> Thu
E11: Philippe Perrin
F12: CRA | G12: Abderrahmane OUSSALAH
A13: 1 | F13: CRA | G13: Aboubacar DIALLO | BN13: AM | LU13: AM
F14: CRA | G14: Bechir YAHIA
F15: PT | G15: Bruno MONTEIRO | CP15: .
F16: CRA | G16: David CARRASCO | AN16: AM | MA16: AM
F17: PT | G17: Eli VELOSO
F18: CRA | G18: Hassan ALAMI | KA18: PM
F19: CRA | G19: Laura PICHON | BJ19: PM | KF19: PM | KH19: PM | KM19: PM | KT19: PM | LA19: PM | NM19: PM | NT19: PM | OA19: PM | OG19: PM | OO19: PM | PC19: PM | PQ19: PM | PX19: PM | QL19: PM | QZ19: PM | RG19: PM | RN19: PM | RU19: PM
F20: CRA | G20: Ly HO | JI20: PM | KA20: PM | PK20: PM | WK20: PM
F21: CRA | G21: Mathieu GOLLNICK
F22: CRA | G22: Mehdi Khaddor
F23: CRA | G23: Mohamed-Amine BENAMAR
F24: CRA | G24: Mohamed-Yassine NAOUM
F25: CRA | G25: Mustapha ELMADI | PI25: AM
F26: CRA | G26: Nicolas FAURE | BJ26: AM | EB26: AM | NM26: PM | NT26: PM | OA26: PM | OH26: PM | OO26: PM | PD26: PM | VA26: PM | VH26: PM | VO26: PM | VV26: PM | WC26: PM | WJ26: PM | WQ26: PM | WX26: PM | XE26: PM | XL26: PM | XS26: PM | XZ26: PM | YG26: PM | YN26: PM
F27: PT | G27: Paulo OLIVEIRA
F28: PT | G28: Pavlo STRATOVYCH
F29: PT | G29: André ESTEVES
F30: CRA | G30: Sami IKHADALLEM
F31: CRA | G31: Salim Slami
F32: PT | G32: Wanderson DANTAS
F33: CRA | G33: Warda MANI
F34: CRA | G34: Xavier MAMET | CI34: PT | CJ34: PT | CK34: PT | UN34: PM
F35: CRA | G35: Zakaria IDER
H36: Wanderson DANTAS

Sheet param
A1: 1 | B1: Mon | D1: 1 | E1: Jan
A2: 2 | B2: Tue | D2: 2 | E2: Feb
A3: 3 | B3: Wed | D3: 3 | E3: Mar
A4: 4 | B4: Thu | D4: 4 | E4: Apr
A5: 5 | B5: Fri | D5: 5 | E5: May
A6: 6 | B6: Sat | D6: 6 | E6: Jun
A7: 7 | B7: Sun | D7: 7 | E7: Jul
D8: 8 | E8: Aug
D9: 9 | E9: Sep
D10: 10 | E10: Oct
D11: 11 | E11: Nov
D12: 12 | E12: Dec
